ID	Name	Age	Salary
1	Frank	57	85815
2	Charlie	24	71915
3	Jack	49	61351
4	Grace	36	105678
5	Alice	53	110197
6	Jack	27	35439
7	Helen	45	89549
8	Charlie	25	86325
9	Ivy	42	69217
10	Helen	38	85355
11	Charlie	60	86778
12	Helen	32	115472
13	Helen	34	40920
14	Eve	22	45315
15	Ivy	31	96694
16	Ivy	59	46331
17	Frank	52	52485
18	Jack	37	119946
19	Jack	57	110763
20	David	41	40807
21	Frank	53	43910
22	Frank	34	33847
23	David	43	36649
24	Frank	20	58346
25	David	29	78016
26	Jack	45	41521
27	Charlie	28	104988
28	Alice	24	70354
29	Jack	59	53716
30	David	33	64995
31	David	56	49855
32	David	24	83112
33	Frank	59	47366
34	Charlie	49	116473
35	Ivy	29	77503
36	Eve	45	68968
37	Charlie	22	66958
38	Helen	34	54415
39	Bob	24	112943
40	Eve	55	33660
41	Frank	59	63566
42	David	26	47118
43	Jack	38	100017
44	Frank	30	72970
45	Ivy	49	32922
46	David	31	94953
47	Grace	49	55259
48	Ivy	22	46146
49	Alice	29	40720
50	Jack	57	85852
51	Eve	56	32138
52	Charlie	20	63073
53	Ivy	21	40567
54	David	51	71086
55	Jack	54	72977
56	Eve	23	40620
57	Grace	46	85323
58	Grace	36	40396
59	Grace	21	69071
60	Charlie	43	41163
61	Grace	55	84184
62	Frank	25	45670
63	Charlie	51	68283
64	David	26	68496
65	Grace	26	84731
66	Eve	26	38162
67	Eve	59	58634
68	Bob	51	32241
69	David	22	119417
70	Frank	35	73763
71	Grace	21	57964
72	Frank	30	90449
73	Grace	47	58392
74	Grace	37	117013
75	Bob	37	83979
76	Alice	56	116245
77	Grace	28	105523
78	Charlie	54	69238
79	Bob	58	91804
80	Helen	22	59592
81	Alice	42	79202
82	Eve	27	96609
83	Eve	52	104379
84	Grace	38	63279
85	David	38	51459
86	David	51	99424
87	Jack	48	32147
88	Eve	47	74575
89	David	47	102312
90	Ivy	53	75341
91	Alice	50	112159
92	Alice	33	37918
93	Jack	31	67720
94	Bob	58	51945
95	Helen	54	75315
96	Alice	54	111877
97	Ivy	49	46251
98	Jack	37	106322
99	Bob	22	56250
100	Eve	59	79398
101	Helen	44	115263
102	Alice	34	74123
103	Helen	59	87106
104	Eve	25	43028
105	David	37	39684
106	Eve	41	94822
107	Helen	26	83075
108	Grace	45	39452
109	Jack	54	88484
110	Helen	40	73348
111	Frank	60	93919
112	Jack	32	78252
113	David	30	117264
114	Alice	36	85759
115	Jack	22	65853
116	David	44	117563
117	Charlie	37	119923
118	Jack	45	54130
119	Alice	33	112730
120	David	35	100340
121	Grace	52	101564
122	Ivy	55	65985
123	Bob	46	42361
124	Frank	57	49739
125	Eve	30	99304
126	Charlie	26	112676
127	Grace	26	57383
128	Jack	26	62470
129	Charlie	57	113558
130	David	30	76444
131	Jack	59	37538
132	Frank	45	68862
133	Charlie	29	46718
134	Eve	45	61528
135	Ivy	50	67611
136	Alice	40	58191
137	Jack	54	37325
138	Eve	33	91005
139	David	45	92740
140	Frank	38	73313
141	Grace	52	77778
142	Jack	43	49306
143	Helen	35	88691
144	Alice	25	84732
145	Alice	46	101272
146	Eve	37	97375
147	Frank	41	31429
148	Frank	25	91944
149	Charlie	54	102491
150	Frank	54	36901
151	Frank	34	115022
152	David	48	58380
153	Alice	30	115497
154	Frank	45	35744
155	Bob	47	98410
156	Ivy	21	98354
157	Bob	58	42588
158	Charlie	55	71953
159	Helen	21	83361
160	Ivy	57	40871
161	Ivy	28	33061
162	Eve	38	62227
163	Charlie	20	106901
164	Grace	20	64836
165	Charlie	58	55193
166	Helen	48	91701
167	David	46	119955
168	Jack	35	44041
169	David	58	65454
170	Helen	54	113080
171	Grace	27	97383
172	Ivy	57	116509
173	Bob	45	100365
174	Alice	35	104693
175	Alice	21	37040
176	Jack	20	54264
177	Frank	35	115158
178	Ivy	44	35166
179	Bob	36	78882
180	Bob	34	119392
181	Grace	24	89355
182	David	42	62147
183	David	50	38408
184	Alice	36	65222
185	Bob	60	68059
186	Jack	54	119374
187	Alice	43	58268
188	Jack	33	83461
189	Frank	36	85408
190	Charlie	34	43727
191	Charlie	36	36277
192	David	50	32823
193	Charlie	38	32883
194	Grace	49	33160
195	Helen	30	41125
196	Ivy	25	108440
197	Eve	29	51519
198	Frank	56	56355
199	Ivy	47	59653
200	Ivy	46	34396
201	Alice	35	78994
202	Ivy	44	32941
203	Alice	24	111464
204	David	60	116161
205	Jack	55	110995
206	Eve	48	96427
207	Charlie	37	42847
208	Bob	56	94961
209	Ivy	44	100330
210	Helen	58	43193
211	Alice	49	64535
212	Eve	47	55976
213	Grace	38	58715
214	Bob	33	105304
215	Bob	52	79433
216	Eve	37	100921
217	Ivy	36	87753
218	Charlie	52	77218
219	Helen	54	70709
220	Alice	32	55635
221	Bob	23	47982
222	David	46	116147
223	Bob	54	43789
224	Frank	35	111545
225	Bob	26	99034
226	Jack	54	33578
227	Eve	54	60081
228	David	42	69560
229	Alice	50	94075
230	Frank	39	89421
231	Frank	60	56349
232	David	58	48774
233	Bob	33	102436
234	Helen	59	50196
235	Bob	31	45339
236	Eve	57	98351
237	Ivy	30	57345
238	Bob	22	111019
239	Bob	35	37646
240	Bob	43	106288
241	Jack	55	83713
242	Bob	42	48023
243	Grace	56	106063
244	Charlie	51	97012
245	Grace	31	79737
246	Jack	46	99391
247	Eve	34	61336
248	Frank	26	102686
249	Grace	31	69766
250	Grace	32	70012
251	Bob	32	44793
252	Bob	21	56496
253	Frank	34	89628
254	Helen	37	111555
255	Eve	30	87872
256	Frank	41	31443
257	Ivy	53	62586
258	Frank	52	93098
259	David	21	84563
260	Ivy	58	76030
261	Grace	25	76050
262	Grace	27	96798
263	Bob	51	91412
264	Charlie	36	77865
265	Charlie	43	58890
266	Alice	47	108015
267	Charlie	42	96908
268	Grace	49	60265
269	Frank	39	113937
270	Grace	58	62600
271	Helen	24	114618
272	Grace	46	114079
273	Grace	35	103664
274	Grace	32	64727
275	Frank	49	87999
276	Eve	49	100480
277	Bob	25	32834
278	Grace	47	54576
279	Ivy	54	79026
280	David	32	108335
281	Bob	31	52761
282	Grace	34	53999
283	Eve	49	99981
284	David	32	55521
285	Eve	56	41136
286	Helen	27	86164
287	Helen	43	75189
288	Grace	45	117057
289	David	26	52135
290	Helen	27	55878
291	Ivy	52	71778
292	Ivy	36	106555
293	Charlie	60	74759
294	David	20	92236
295	Helen	47	110542
296	Bob	56	30754
297	Jack	30	79485
298	Eve	56	108534
299	Ivy	47	104586
300	Frank	60	113596
301	Alice	57	49973
302	Alice	55	79008
303	David	60	107859
304	Helen	26	110080
305	Jack	56	81737
306	Charlie	39	111146
307	Ivy	38	36755
308	Eve	47	74282
309	David	40	116772
310	Jack	28	50047
311	Alice	23	91074
312	Alice	21	40971
313	Eve	52	36305
314	Helen	27	112839
315	Charlie	20	36223
316	David	26	32085
317	Eve	55	52504
318	Alice	34	81987
319	Bob	41	47614
320	Jack	59	70693
321	Bob	27	91598
322	David	56	76537
323	Charlie	33	98230
324	Alice	49	61432
325	Charlie	55	93846
326	Bob	37	118759
327	Grace	24	115428
328	Bob	58	33338
329	Jack	59	43722
330	David	23	47635
331	Helen	33	69302
332	Alice	26	115220
333	David	29	87000
334	Ivy	40	31728
335	Alice	39	46362
336	Frank	32	45556
337	Jack	50	37222
338	Helen	48	59732
339	Charlie	45	55400
340	Eve	52	86226
341	Grace	57	110935
342	Jack	56	50452
343	Helen	36	113646
344	David	46	84389
345	Bob	47	40037
346	Alice	39	33362
347	Bob	23	77626
348	Jack	55	51538
349	Frank	38	73448
350	Bob	38	107120
351	David	28	92062
352	Alice	41	47499
353	Grace	21	114123
354	Helen	51	102037
355	Helen	25	53374
356	Ivy	40	56225
357	Ivy	59	116497
358	Alice	51	77926
359	David	58	84629
360	Helen	22	70639
361	Charlie	49	49222
362	Eve	40	56675
363	Eve	56	105247
364	Eve	22	84639
365	David	40	83021
366	Frank	33	78183
367	David	36	81551
368	Alice	50	64391
369	Helen	46	35479
370	Charlie	54	65080
371	Eve	20	105558
372	Ivy	46	48089
373	Bob	40	58779
374	Frank	23	53272
375	Alice	43	100900
376	Eve	33	67623
377	Frank	40	102875
378	Bob	46	92117
379	Grace	49	94373
380	Ivy	44	112799
381	David	59	117463
382	Bob	24	31951
383	Alice	27	94191
384	Bob	49	69030
385	Helen	51	118217
386	Helen	23	40154
387	Jack	59	94676
388	David	26	49997
389	Grace	37	103678
390	Eve	60	101592
391	Charlie	25	73849
392	Grace	27	96194
393	David	34	85681
394	Eve	59	102046
395	Ivy	52	82989
396	Eve	51	59673
397	Alice	50	81609
398	Helen	51	108108
399	Charlie	38	113256
400	Jack	39	90766
401	Jack	59	73023
402	Bob	26	109456
403	Frank	28	62536
404	Ivy	22	35243
405	Charlie	56	65056
406	Frank	28	75688
407	Jack	59	109439
408	Helen	36	35927
409	Bob	31	80499
410	Charlie	33	50294
411	Alice	28	43919
412	Bob	42	84239
413	Eve	38	52921
414	Alice	59	63555
415	Grace	20	34617
416	Grace	26	91842
417	Charlie	40	74344
418	Alice	44	69904
419	Grace	51	85035
420	Eve	34	46897
421	Frank	37	82630
422	Ivy	22	63550
423	Frank	30	74463
424	Bob	26	60645
425	Charlie	39	97825
426	Bob	43	63426
427	Grace	52	88323
428	Frank	57	52757
429	Grace	46	58425
430	Grace	52	110706
431	David	38	97669
432	Helen	54	118633
433	Ivy	56	111641
434	Ivy	50	105158
435	Bob	36	57174
436	Jack	20	86880
437	Eve	49	46357
438	Alice	30	72899
439	Grace	38	84526
440	Ivy	47	51507
441	Bob	37	106794
442	Bob	41	32986
443	Jack	23	117890
444	Grace	55	48184
445	Charlie	20	68844
446	David	34	114344
447	Ivy	24	73391
448	Bob	27	66514
449	Helen	54	89183
450	Ivy	59	88801
451	David	57	64680
452	Charlie	31	58199
453	Charlie	57	66008
454	David	35	105338
455	Eve	40	51526
456	Alice	59	73632
457	Eve	56	103628
458	David	47	118316
459	David	43	75739
460	Ivy	59	115436
461	Ivy	27	100520
462	Frank	36	111597
463	Charlie	46	108796
464	Bob	32	80332
465	Bob	40	30272
466	David	48	40549
467	Helen	40	80308
468	Bob	24	70090
469	Grace	55	38416
470	Helen	25	91276
471	Bob	20	56439
472	Frank	27	88178
473	Helen	21	94664
474	Charlie	49	32970
475	Charlie	31	75211
476	David	33	109190
477	Eve	54	45125
478	David	51	50978
479	Eve	31	105434
480	Charlie	37	39250
481	Charlie	37	62489
482	Bob	27	61822
483	Ivy	52	108142
484	Helen	57	38257
485	Jack	42	67805
486	Alice	27	113687
487	Jack	48	65248
488	Grace	58	69936
489	Jack	55	110614
490	Alice	32	49123
491	Charlie	44	113533
492	Bob	40	71587
493	David	28	103344
494	Grace	33	95472
495	Alice	52	65625
496	Alice	49	81723
497	Ivy	42	57785
498	Eve	34	104494
499	Helen	49	108557
500	Helen	24	64755
501	Frank	29	93927
502	Alice	39	109438
503	Alice	42	76233
504	Jack	22	75631
505	David	48	69920
506	Frank	29	51076
507	Alice	56	45763
508	Charlie	20	30654
509	Alice	24	107715
510	Frank	58	39584
511	Grace	31	67078
512	Grace	52	70860
513	Alice	51	74682
514	Charlie	21	85482
515	Bob	36	88459
516	Alice	56	40534
517	David	27	30400
518	Frank	25	62018
519	Ivy	54	74982
520	Grace	53	104028
521	Ivy	57	67153
522	David	44	34563
523	Frank	21	109998
524	Bob	36	46471
525	Jack	21	50061
526	Alice	45	53842
527	Helen	49	111777
528	Eve	56	60646
529	Jack	27	67692
530	Alice	20	64165
531	Ivy	34	68107
532	Grace	35	44485
533	Frank	31	85513
534	David	20	42494
535	Eve	46	61254
536	Charlie	23	108373
537	Ivy	35	58638
538	Helen	42	70902
539	Ivy	55	90696
540	Bob	49	97741
541	Ivy	28	45295
542	Helen	31	58373
543	Ivy	52	106345
544	Alice	41	69418
545	Eve	21	72031
546	Frank	23	42883
547	Bob	60	89900
548	Jack	42	87455
549	Charlie	60	69169
550	David	46	67909
551	Jack	51	68193
552	Charlie	37	116787
553	David	30	78565
554	Grace	54	86519
555	Eve	20	60863
556	Bob	60	39394
557	Helen	55	106113
558	Helen	48	62032
559	David	60	103001
560	Alice	30	46818
561	Ivy	28	43080
562	Jack	46	42726
563	Eve	22	80899
564	Helen	59	85978
565	Frank	31	53128
566	Grace	35	105846
567	Ivy	30	102682
568	Ivy	58	60451
569	David	22	39804
570	Alice	37	55026
571	Eve	38	92164
572	Jack	51	83782
573	Grace	45	42244
574	Frank	52	78542
575	Helen	59	41884
576	David	32	33463
577	Ivy	60	118782
578	Bob	38	73478
579	David	32	46401
580	Ivy	51	84694
581	Frank	52	93214
582	Frank	38	111817
583	Grace	22	115292
584	David	47	58080
585	Jack	22	65549
586	Alice	40	89084
587	Grace	55	96399
588	Jack	53	81348
589	Helen	37	82378
590	Ivy	22	91372
591	Bob	32	97821
592	Eve	20	69971
593	Grace	26	72428
594	Helen	46	49353
595	Ivy	48	108765
596	David	59	38969
597	Frank	32	39653
598	Charlie	48	70385
599	Helen	26	93644
600	Bob	38	118868
601	Ivy	46	73121
602	Charlie	35	58348
603	Alice	21	104867
604	Helen	28	47412
605	David	60	115062
606	Frank	41	49909
607	Ivy	28	80129
608	Alice	32	51791
609	David	51	84367
610	David	20	109694
611	Grace	33	92506
612	Jack	20	110400
613	Eve	37	33131
614	Charlie	43	107929
615	Charlie	26	113870
616	Charlie	51	92979
617	Charlie	33	110586
618	Frank	55	57866
619	Jack	26	60511
620	Bob	56	111167
621	Charlie	60	113379
622	Ivy	39	68110
623	Ivy	38	34254
624	Jack	20	118932
625	Eve	27	42710
626	Helen	54	73046
627	Helen	52	57431
628	Ivy	49	49523
629	Jack	38	106182
630	Jack	26	41486
631	Alice	41	89754
632	Helen	26	42964
633	Charlie	43	83646
634	Ivy	50	58972
635	Alice	46	110781
636	Alice	21	32385
637	Eve	60	51298
638	Alice	39	111083
639	Bob	41	43116
640	Helen	35	45282
641	Helen	56	91667
642	Alice	26	81261
643	Bob	55	99693
644	Charlie	51	40427
645	Grace	42	86059
646	Alice	28	105024
647	Jack	59	68074
648	Grace	22	100044
649	Bob	26	42947
650	Ivy	29	85058
651	Grace	42	49952
652	Jack	44	36316
653	Helen	58	51988
654	Frank	46	115723
655	David	58	112159
656	Grace	31	97873
657	Helen	28	113028
658	David	20	34943
659	Jack	42	61931
660	Bob	56	109338
661	Jack	60	108235
662	David	31	115831
663	Ivy	37	107884
664	Alice	48	32120
665	Frank	56	55820
666	Helen	20	58772
667	Eve	52	115565
668	Eve	36	114782
669	David	34	89900
670	Grace	30	34911
671	Grace	36	59376
672	Frank	45	82135
673	Alice	20	93524
674	Frank	31	39276
675	Jack	24	85759
676	Eve	24	75982
677	Helen	31	57032
678	Frank	43	69752
679	Alice	44	118745
680	Eve	47	44493
681	Frank	39	101782
682	David	27	30486
683	Charlie	35	50810
684	Charlie	27	116442
685	Helen	54	60437
686	Ivy	51	110104
687	Helen	40	114005
688	Charlie	36	78026
689	David	60	89565
690	Bob	51	67818
691	Bob	47	58970
692	Helen	20	56126
693	Charlie	55	104522
694	Eve	29	72407
695	Frank	59	59921
696	Jack	26	32170
697	Alice	41	52438
698	Eve	38	77715
699	Ivy	21	50778
700	Helen	21	33031
701	David	46	105679
702	Alice	22	36372
703	David	49	73455
704	Ivy	37	52218
705	David	60	73635
706	Helen	60	73132
707	Eve	52	94249
708	Bob	49	119035
709	Ivy	22	34778
710	David	36	104247
711	Helen	28	84222
712	Jack	40	85296
713	Charlie	27	72246
714	Charlie	46	88709
715	David	21	96235
716	Helen	40	50758
717	Jack	51	85949
718	David	45	59952
719	David	38	32695
720	Jack	55	84899
721	Alice	34	54137
722	Grace	43	106315
723	Frank	60	68164
724	David	58	41925
725	Charlie	50	98074
726	Ivy	58	110857
727	David	51	69807
728	David	33	58956
729	David	51	86092
730	Frank	38	87543
731	Alice	49	65460
732	Charlie	57	96795
733	Helen	33	75262
734	Grace	29	85905
735	Helen	45	109518
736	Helen	53	101913
737	Frank	23	88460
738	Bob	44	93467
739	Jack	43	53459
740	Ivy	57	34473
741	Grace	49	30231
742	Bob	50	97209
743	Alice	27	102791
744	Helen	30	110467
745	Helen	27	83745
746	Jack	53	75543
747	Grace	21	114625
748	Ivy	24	92352
749	Frank	38	101376
750	Helen	55	43445
751	Bob	41	84607
752	Ivy	46	44163
753	Bob	37	102777
754	Ivy	21	101789
755	Jack	40	66517
756	Ivy	29	72988
757	Alice	38	67238
758	Eve	21	68947
759	Ivy	59	85509
760	Alice	28	96980
761	Grace	27	49840
762	Alice	39	76077
763	Ivy	60	98695
764	Ivy	56	55628
765	Bob	59	113938
766	Grace	31	110941
767	Bob	47	109402
768	Ivy	58	61625
769	Frank	53	115356
770	Jack	25	118100
771	Alice	22	43385
772	Bob	56	104680
773	Frank	43	84238
774	Jack	36	106193
775	Alice	35	117438
776	Grace	53	50820
777	David	57	38815
778	Jack	58	61471
779	Jack	27	44879
780	Jack	54	115231
781	Ivy	32	106217
782	Bob	60	97428
783	Ivy	52	112152
784	Bob	32	105522
785	Alice	32	108610
786	Jack	54	89924
787	Eve	59	55787
788	Alice	34	71089
789	Alice	22	58747
790	Grace	25	52363
791	Charlie	37	81061
792	Jack	37	60435
793	Bob	56	118758
794	David	41	103507
795	Bob	45	30547
796	Ivy	35	67633
797	Eve	59	45199
798	Frank	37	115303
799	Helen	28	112560
800	Eve	35	110692
801	Grace	30	106754
802	Helen	40	54431
803	Charlie	26	39320
804	Eve	41	106468
805	Alice	40	94582
806	Ivy	36	36427
807	Helen	38	75566
808	Ivy	32	85282
809	Grace	31	54535
810	Bob	23	89631
811	Alice	28	44595
812	Frank	31	116574
813	Grace	32	51075
814	Frank	55	52212
815	Jack	33	115306
816	Bob	39	71109
817	Charlie	56	114700
818	Alice	38	65482
819	Ivy	47	87429
820	Bob	47	99854
821	Eve	40	49990
822	Eve	29	83102
823	Grace	44	62489
824	Frank	39	41746
825	Ivy	60	80041
826	Ivy	42	80023
827	Bob	38	111473
828	Bob	40	86420
829	Charlie	53	38234
830	Jack	27	117246
831	Ivy	34	76026
832	Jack	23	32285
833	Grace	60	50177
834	Alice	60	95960
835	Helen	24	79016
836	Ivy	25	80733
837	Jack	33	62256
838	Helen	26	31036
839	Jack	39	45106
840	Bob	53	81714
841	Grace	46	45890
842	Grace	60	33933
843	David	31	103105
844	Alice	57	48298
845	Jack	35	92735
846	Jack	56	51243
847	Ivy	21	50031
848	David	21	90387
849	Helen	50	119581
850	Helen	50	79255
851	Jack	28	69584
852	Grace	43	44516
853	Charlie	21	108708
854	Charlie	27	69678
855	David	60	118853
856	Helen	55	53648
857	Alice	34	55712
858	Bob	45	86007
859	Jack	60	94678
860	Jack	32	85879
861	Bob	32	47291
862	Frank	23	52519
863	Charlie	47	55204
864	Helen	35	106816
865	David	27	89252
866	Grace	34	59996
867	Charlie	50	86512
868	Grace	44	96071
869	Frank	32	35285
870	Helen	29	87765
871	Bob	45	75106
872	Eve	29	56442
873	Ivy	29	91320
874	Charlie	52	112004
875	Bob	24	66491
876	Charlie	49	82762
877	Helen	26	33499
878	Helen	47	65498
879	Alice	20	40409
880	Frank	21	102136
881	Alice	54	40839
882	Frank	44	57649
883	Charlie	28	110440
884	Charlie	49	74468
885	Ivy	60	51749
886	Ivy	24	55389
887	Eve	54	113063
888	Frank	55	110090
889	Bob	44	116600
890	Helen	43	100820
891	Frank	57	110040
892	Jack	31	62051
893	Grace	23	114471
894	Eve	22	78884
895	Frank	33	72976
896	Eve	23	112780
897	Alice	20	112435
898	Charlie	37	84077
899	Bob	60	35479
900	Eve	33	118812
901	Charlie	46	69435
902	Jack	57	63454
903	Frank	40	75041
904	Helen	53	94740
905	Helen	32	73008
906	Bob	58	61502
907	Eve	47	103714
908	David	50	35737
909	David	24	70461
910	Frank	44	94461
911	Jack	46	46208
912	David	53	119511
913	Bob	29	92370
914	Ivy	59	68753
915	Ivy	32	60470
916	Jack	59	72160
917	Bob	27	106806
918	Bob	40	97446
919	Charlie	51	32071
920	Charlie	60	41773
921	David	29	86944
922	Grace	36	86798
923	David	26	43313
924	Helen	51	74610
925	Helen	49	64993
926	Alice	43	73607
927	Alice	23	57664
928	Ivy	50	45592
929	Frank	25	77843
930	Ivy	27	95087
931	Charlie	37	109934
932	Grace	33	118547
933	Jack	49	59380
934	David	40	104543
935	Charlie	47	46313
936	Jack	22	75712
937	David	45	63540
938	Jack	35	83176
939	Helen	45	116415
940	Frank	38	34129
941	Bob	23	34376
942	Eve	42	76724
943	Helen	36	51811
944	Jack	25	46320
945	Frank	59	45870
946	Frank	36	111599
947	Charlie	39	50929
948	Jack	58	103869
949	Ivy	24	45352
950	Eve	30	88977
951	Jack	49	109766
952	Frank	24	91927
953	Jack	26	67979
954	Jack	25	102422
955	Ivy	58	53524
956	Helen	39	69402
957	Charlie	37	82983
958	Alice	37	32919
959	Grace	41	33224
960	Eve	42	75863
961	Jack	60	32875
962	Frank	40	54917
963	Jack	56	70487
964	Alice	51	91269
965	Charlie	58	63064
966	Grace	34	75298
967	Charlie	26	103257
968	Alice	24	33164
969	Frank	57	56581
970	Frank	21	62747
971	Frank	22	35402
972	Grace	36	109928
973	Eve	58	102646
974	Charlie	22	97064
975	David	27	45026
976	Grace	30	49762
977	Grace	34	101434
978	Grace	60	114286
979	Ivy	52	69124
980	Charlie	54	99985
981	Bob	40	39351
982	Charlie	30	63726
983	Jack	24	116802
984	Alice	58	92782
985	Ivy	44	90292
986	Charlie	30	93673
987	Alice	28	87137
988	Helen	51	86535
989	Jack	33	86463
990	Frank	47	104492
991	Charlie	52	89564
992	Charlie	27	116322
993	Ivy	39	102563
994	Helen	39	98352
995	David	57	89599
996	Ivy	46	77820
997	David	52	47179
998	Alice	33	51161
999	Ivy	55	90450
1000	David	26	81001

